{"NumModels": 1, "ModelIndexes": {"0": 0}, "ModelDescriptions": [{"Name": 0, "ClassMaps": {"1": "A", "2": "B", "3": "D", "4": "E", "5": "E1", "6": "G", "7": "Unknown", "0": "Unknown"}, "ModelType": "TensorFlow Lite for Microcontrollers", "FeatureNames": ["_gen_0001_channel_0mfcc_000003", "_gen_0001_channel_0mfcc_000004", "_gen_0001_channel_0mfcc_000005", "_gen_0001_channel_0mfcc_000007", "_gen_0001_channel_0mfcc_000010", "_gen_0001_channel_0mfcc_000011", "_gen_0001_channel_0mfcc_000012", "_gen_0001_channel_0mfcc_000014", "_gen_0001_channel_0mfcc_000015", "_gen_0001_channel_0mfcc_000016", "_gen_0001_channel_0mfcc_000017", "_gen_0001_channel_0mfcc_000020", "_gen_0001_channel_0mfcc_000021", "_gen_0001_channel_0mfcc_000022", "_gen_0001_channel_0mfcc_000003", "_gen_0001_channel_0mfcc_000004", "_gen_0001_channel_0mfcc_000005", "_gen_0001_channel_0mfcc_000007", "_gen_0001_channel_0mfcc_000010", "_gen_0001_channel_0mfcc_000011", "_gen_0001_channel_0mfcc_000012", "_gen_0001_channel_0mfcc_000014", "_gen_0001_channel_0mfcc_000015", "_gen_0001_channel_0mfcc_000016", "_gen_0001_channel_0mfcc_000017", "_gen_0001_channel_0mfcc_000020", "_gen_0001_channel_0mfcc_000021", "_gen_0001_channel_0mfcc_000022", "_gen_0001_channel_0mfcc_000003", "_gen_0001_channel_0mfcc_000004", "_gen_0001_channel_0mfcc_000005", "_gen_0001_channel_0mfcc_000007", "_gen_0001_channel_0mfcc_000010", "_gen_0001_channel_0mfcc_000011", "_gen_0001_channel_0mfcc_000012", "_gen_0001_channel_0mfcc_000014", "_gen_0001_channel_0mfcc_000015", "_gen_0001_channel_0mfcc_000016", "_gen_0001_channel_0mfcc_000017", "_gen_0001_channel_0mfcc_000020", "_gen_0001_channel_0mfcc_000021", "_gen_0001_channel_0mfcc_000022", "_gen_0001_channel_0mfcc_000003", "_gen_0001_channel_0mfcc_000004", "_gen_0001_channel_0mfcc_000005", "_gen_0001_channel_0mfcc_000007", "_gen_0001_channel_0mfcc_000010", "_gen_0001_channel_0mfcc_000011", "_gen_0001_channel_0mfcc_000012", "_gen_0001_channel_0mfcc_000014", "_gen_0001_channel_0mfcc_000015", "_gen_0001_channel_0mfcc_000016", "_gen_0001_channel_0mfcc_000017", "_gen_0001_channel_0mfcc_000020", "_gen_0001_channel_0mfcc_000021", "_gen_0001_channel_0mfcc_000022", "_gen_0001_channel_0mfcc_000003", "_gen_0001_channel_0mfcc_000004", "_gen_0001_channel_0mfcc_000005", "_gen_0001_channel_0mfcc_000007", "_gen_0001_channel_0mfcc_000010", "_gen_0001_channel_0mfcc_000011", "_gen_0001_channel_0mfcc_000012", "_gen_0001_channel_0mfcc_000014", "_gen_0001_channel_0mfcc_000015", "_gen_0001_channel_0mfcc_000016", "_gen_0001_channel_0mfcc_000017", "_gen_0001_channel_0mfcc_000020", "_gen_0001_channel_0mfcc_000021", "_gen_0001_channel_0mfcc_000022"], "FeatureFunctions": ["MFCC", "MFCC", "MFCC", "MFCC", "MFCC", "MFCC", "MFCC", "MFCC", "MFCC", "MFCC", "MFCC", "MFCC", "MFCC", "MFCC", "MFCC", "MFCC", "MFCC", "MFCC", "MFCC", "MFCC", "MFCC", "MFCC", "MFCC", "MFCC", "MFCC", "MFCC", "MFCC", "MFCC", "MFCC", "MFCC", "MFCC", "MFCC", "MFCC", "MFCC", "MFCC", "MFCC", "MFCC", "MFCC", "MFCC", "MFCC", "MFCC", "MFCC", "MFCC", "MFCC", "MFCC", "MFCC", "MFCC", "MFCC", "MFCC", "MFCC", "MFCC", "MFCC", "MFCC", "MFCC", "MFCC", "MFCC", "MFCC", "MFCC", "MFCC", "MFCC", "MFCC", "MFCC", "MFCC", "MFCC", "MFCC", "MFCC", "MFCC", "MFCC", "MFCC", "MFCC"], "knowledgepack_summary": [{"name": "Windowing", "type": "segmenter", "inputs": {"delta": 400, "input_data": "temp.raw", "train_delta": 0, "window_size": 400, "group_columns": ["segment_uuid", "Set", "Label"], "return_segment_index": false}, "outputs": ["temp.Windowing0"]}, {"name": "Segment Energy Threshold Filter", "type": "transform", "inputs": {"backoff": 5, "threshold": 200, "input_data": "temp.Windowing0", "input_column": "channel_0", "disable_train": true, "group_columns": ["segment_uuid", "Set", "Label", "SegmentID"]}, "outputs": ["temp.Segment_Energy_Threshold_Filter0"]}, {"set": [{"family": true, "inputs": {"columns": ["channel_0"], "sample_rate": 16000, "cepstra_count": 23}, "outputs": [3, 4, 5, 7, 10, 11, 12, 14, 15, 16, 17, 20, 21, 22], "function_name": "MFCC"}], "name": "generator_set", "type": "generatorset", "inputs": {"input_data": "temp.Segment_Energy_Threshold_Filter0", "group_columns": ["segment_uuid", "Set", "Label", "SegmentID"]}, "outputs": ["temp.generator_set0", "temp.features.generator_set0"]}, {"name": "Min Max Scale", "type": "transform", "inputs": {"pad": 0, "max_bound": 255, "min_bound": 0, "input_data": "temp.generator_set0", "passthrough_columns": ["segment_uuid", "Set", "Label", "SegmentID"], "feature_min_max_defaults": null, "feature_min_max_parameters": {"maximums": {"gen_0001_channel_0mfcc_000003": 225657.0, "gen_0001_channel_0mfcc_000004": 145255.0, "gen_0001_channel_0mfcc_000005": 146331.0, "gen_0001_channel_0mfcc_000007": 119734.0, "gen_0001_channel_0mfcc_000010": 160094.0, "gen_0001_channel_0mfcc_000011": 183912.0, "gen_0001_channel_0mfcc_000012": 140646.0, "gen_0001_channel_0mfcc_000014": 123848.0, "gen_0001_channel_0mfcc_000015": 78811.0, "gen_0001_channel_0mfcc_000016": 89192.0, "gen_0001_channel_0mfcc_000017": 86488.0, "gen_0001_channel_0mfcc_000020": 40372.0, "gen_0001_channel_0mfcc_000021": 15643.0, "gen_0001_channel_0mfcc_000022": 5398.0}, "minimums": {"gen_0001_channel_0mfcc_000003": -126235.0, "gen_0001_channel_0mfcc_000004": -210322.0, "gen_0001_channel_0mfcc_000005": -160770.0, "gen_0001_channel_0mfcc_000007": -158259.0, "gen_0001_channel_0mfcc_000010": -131481.0, "gen_0001_channel_0mfcc_000011": -206016.0, "gen_0001_channel_0mfcc_000012": -144677.0, "gen_0001_channel_0mfcc_000014": -94508.0, "gen_0001_channel_0mfcc_000015": -97341.0, "gen_0001_channel_0mfcc_000016": -67168.0, "gen_0001_channel_0mfcc_000017": -66276.0, "gen_0001_channel_0mfcc_000020": -24878.0, "gen_0001_channel_0mfcc_000021": -22628.0, "gen_0001_channel_0mfcc_000022": -6573.0}}}, "outputs": ["temp.Min_Max_Scale0", "temp.features.Min_Max_Scale0"], "feature_table": "temp.features.generator_set0"}, {"name": "Feature Cascade", "type": "transform", "inputs": {"slide": true, "input_data": "temp.Min_Max_Scale0", "num_cascades": 5, "group_columns": ["segment_uuid", "Set", "Label", "SegmentID"]}, "outputs": ["temp.Feature_Cascade0", "temp.features.Feature_Cascade0"], "feature_table": "temp.features.Min_Max_Scale0"}], "sensors_columns": ["channel_0"], "uuid": "8dcbe2a3-019b-4d96-927e-ce08a2cf3913"}]}