{"NumModels": 1, "ModelIndexes": {"0": "GUITAR_NOTE_RECOGNITION_DEMO_RANK_0"}, "ModelDescriptions": [{"Name": "GUITAR_NOTE_RECOGNITION_DEMO_RANK_0", "ClassMaps": {"1": "A", "2": "B", "3": "D", "4": "E", "5": "E1", "6": "G", "7": "Unknown", "0": "Unknown"}, "ModelType": "TensorFlow Lite for Microcontrollers", "FeatureNames": ["_gen_0001_channel_0mfcc_000002", "_gen_0001_channel_0mfcc_000010", "_gen_0001_channel_0mfcc_000011", "_gen_0001_channel_0mfcc_000012", "_gen_0001_channel_0mfcc_000014", "_gen_0001_channel_0mfcc_000015", "_gen_0001_channel_0mfcc_000016", "_gen_0001_channel_0mfcc_000017", "_gen_0001_channel_0mfcc_000018", "_gen_0001_channel_0mfcc_000019", "_gen_0001_channel_0mfcc_000021", "_gen_0001_channel_0mfcc_000022", "_gen_0001_channel_0mfcc_000002", "_gen_0001_channel_0mfcc_000010", "_gen_0001_channel_0mfcc_000011", "_gen_0001_channel_0mfcc_000012", "_gen_0001_channel_0mfcc_000014", "_gen_0001_channel_0mfcc_000015", "_gen_0001_channel_0mfcc_000016", "_gen_0001_channel_0mfcc_000017", "_gen_0001_channel_0mfcc_000018", "_gen_0001_channel_0mfcc_000019", "_gen_0001_channel_0mfcc_000021", "_gen_0001_channel_0mfcc_000022", "_gen_0001_channel_0mfcc_000002", "_gen_0001_channel_0mfcc_000010", "_gen_0001_channel_0mfcc_000011", "_gen_0001_channel_0mfcc_000012", "_gen_0001_channel_0mfcc_000014", "_gen_0001_channel_0mfcc_000015", "_gen_0001_channel_0mfcc_000016", "_gen_0001_channel_0mfcc_000017", "_gen_0001_channel_0mfcc_000018", "_gen_0001_channel_0mfcc_000019", "_gen_0001_channel_0mfcc_000021", "_gen_0001_channel_0mfcc_000022", "_gen_0001_channel_0mfcc_000002", "_gen_0001_channel_0mfcc_000010", "_gen_0001_channel_0mfcc_000011", "_gen_0001_channel_0mfcc_000012", "_gen_0001_channel_0mfcc_000014", "_gen_0001_channel_0mfcc_000015", "_gen_0001_channel_0mfcc_000016", "_gen_0001_channel_0mfcc_000017", "_gen_0001_channel_0mfcc_000018", "_gen_0001_channel_0mfcc_000019", "_gen_0001_channel_0mfcc_000021", "_gen_0001_channel_0mfcc_000022", "_gen_0001_channel_0mfcc_000002", "_gen_0001_channel_0mfcc_000010", "_gen_0001_channel_0mfcc_000011", "_gen_0001_channel_0mfcc_000012", "_gen_0001_channel_0mfcc_000014", "_gen_0001_channel_0mfcc_000015", "_gen_0001_channel_0mfcc_000016", "_gen_0001_channel_0mfcc_000017", "_gen_0001_channel_0mfcc_000018", "_gen_0001_channel_0mfcc_000019", "_gen_0001_channel_0mfcc_000021", "_gen_0001_channel_0mfcc_000022"], "FeatureFunctions": ["MFCC", "MFCC", "MFCC", "MFCC", "MFCC", "MFCC", "MFCC", "MFCC", "MFCC", "MFCC", "MFCC", "MFCC", "MFCC", "MFCC", "MFCC", "MFCC", "MFCC", "MFCC", "MFCC", "MFCC", "MFCC", "MFCC", "MFCC", "MFCC", "MFCC", "MFCC", "MFCC", "MFCC", "MFCC", "MFCC", "MFCC", "MFCC", "MFCC", "MFCC", "MFCC", "MFCC", "MFCC", "MFCC", "MFCC", "MFCC", "MFCC", "MFCC", "MFCC", "MFCC", "MFCC", "MFCC", "MFCC", "MFCC", "MFCC", "MFCC", "MFCC", "MFCC", "MFCC", "MFCC", "MFCC", "MFCC", "MFCC", "MFCC", "MFCC", "MFCC"], "knowledgepack_summary": [{"name": "Windowing", "type": "segmenter", "inputs": {"delta": 400, "input_data": "temp.raw", "train_delta": 0, "window_size": 400, "group_columns": ["segment_uuid", "Label"], "return_segment_index": false}, "outputs": ["temp.Windowing0"]}, {"name": "Segment Energy Threshold Filter", "type": "transform", "inputs": {"backoff": 5, "threshold": 200, "input_data": "temp.Windowing0", "input_column": "channel_0", "disable_train": true, "group_columns": ["segment_uuid", "Label", "SegmentID"]}, "outputs": ["temp.Segment_Energy_Threshold_Filter0"]}, {"set": [{"family": true, "inputs": {"columns": ["channel_0"], "sample_rate": 16000, "cepstra_count": 23}, "outputs": [2, 10, 11, 12, 14, 15, 16, 17, 18, 19, 21, 22], "function_name": "MFCC"}], "name": "generator_set", "type": "generatorset", "inputs": {"input_data": "temp.Segment_Energy_Threshold_Filter0", "group_columns": ["segment_uuid", "Label", "SegmentID"]}, "outputs": ["temp.generator_set0", "temp.features.generator_set0"]}, {"name": "Min Max Scale", "type": "transform", "inputs": {"pad": 0, "max_bound": 255, "min_bound": 0, "input_data": "temp.generator_set0", "passthrough_columns": ["segment_uuid", "Label", "SegmentID"], "feature_min_max_defaults": {"maximum": 200000, "minimum": -200000}, "feature_min_max_parameters": {"maximums": {"gen_0001_channel_0mfcc_000002": 200000, "gen_0001_channel_0mfcc_000010": 200000, "gen_0001_channel_0mfcc_000011": 200000, "gen_0001_channel_0mfcc_000012": 200000, "gen_0001_channel_0mfcc_000014": 200000, "gen_0001_channel_0mfcc_000015": 200000, "gen_0001_channel_0mfcc_000016": 200000, "gen_0001_channel_0mfcc_000017": 200000, "gen_0001_channel_0mfcc_000018": 200000, "gen_0001_channel_0mfcc_000019": 200000, "gen_0001_channel_0mfcc_000021": 200000, "gen_0001_channel_0mfcc_000022": 200000}, "minimums": {"gen_0001_channel_0mfcc_000002": -200000, "gen_0001_channel_0mfcc_000010": -200000, "gen_0001_channel_0mfcc_000011": -200000, "gen_0001_channel_0mfcc_000012": -200000, "gen_0001_channel_0mfcc_000014": -200000, "gen_0001_channel_0mfcc_000015": -200000, "gen_0001_channel_0mfcc_000016": -200000, "gen_0001_channel_0mfcc_000017": -200000, "gen_0001_channel_0mfcc_000018": -200000, "gen_0001_channel_0mfcc_000019": -200000, "gen_0001_channel_0mfcc_000021": -200000, "gen_0001_channel_0mfcc_000022": -200000}}}, "outputs": ["temp.Min_Max_Scale0", "temp.features.Min_Max_Scale0"], "feature_table": "temp.features.generator_set0"}, {"name": "Feature Cascade", "type": "transform", "inputs": {"slide": true, "input_data": "temp.Min_Max_Scale0", "num_cascades": 5, "group_columns": ["segment_uuid", "Label", "SegmentID"]}, "outputs": ["temp.Feature_Cascade0", "temp.features.Feature_Cascade0"], "feature_table": "temp.features.Min_Max_Scale0"}], "sensors_columns": ["channel_0"], "uuid": "ba4c720e-acde-43b2-aac7-6d1df0f8e791"}]}